X,Y,OBJECTID,NrRNAL,Denominacao,DataRegisto,DataAberturaPublico,Modalidade,NrUtentes,Endereco,CodigoPostal,LOCALIDADE,LatLong,FiabilidadeGeo,DTMNFR,Freguesia,Concelho,Distrito,NUTSIII,NUTSII,ERT,SeloCleanSafe
-871301.884599999,4448274.2007,1,1,Figo,2014/12/03 09:47:03+00,2014/12/03 00:00:00+00,Apartamento,4,Zona R/c Cx. P.430Z R/c ,8700-206,Igreja,"37,0657410006129 ; -7,82703800016578",NaoFiavel,081005,Quelfes,Olhão,Faro,Algarve,Algarve,Região de Turismo do Algarve,Não
-873243.519099999,4447906.325,2,2,Casa Esperança,2013/07/30 00:00:00+00,2013/07/30 00:00:00+00,Moradia,4,Zona Poço Longo C.P.551-Z  ,8700-226,Poço Longo,"37,0631040005519 ; -7,84447999958415",NaoFiavel,081005,Quelfes,Olhão,Faro,Algarve,Algarve,Região de Turismo do Algarve,Não
-851399.3893,4456996.3119,3,3,Maria da Conceição Machado Rodrigues,2014/11/27 08:39:27+00,2014/12/05 00:00:00+00,Apartamento,4,Rua Álvares Botelho 27 2 ,8800-319,Tavira,"37,1282358204969 ; -7,64825084271288",NaoFiavel,081412,União das freguesias de Tavira (Santa Maria e Santiago),Tavira,Faro,Algarve,Algarve,Região de Turismo do Algarve,Não
-828737.728799999,4896032.3469,4,4,Bio-Turismo Casa da Eira,2014/08/06 00:00:00+00,2014/08/06 00:00:00+00,Apartamento,23,Rua Olivais   ,6230-569,Pêro Viseu,"40,2067505368476 ; -7,44467768336503",NaoFiavel,050421,Pêro Viseu,Fundão,Castelo Branco,Beiras e Serra da Estrela,Centro,Turismo do Centro de Portugal,Não
-995600.0418,4440551.5702,5,5,Casa Jesus,2009/08/18 00:00:00+00,2009/08/18 00:00:00+00,Apartamento,4,Estrada Nacional 268   ,8650-355,Sagres,"37,0103645489463 ; -8,94362734418431",NaoFiavel,081504,Sagres,Vila do Bispo,Faro,Algarve,Algarve,Região de Turismo do Algarve,Não
-871301.884599999,4448274.2007,7,7,Rolf Josef Durnholz,2014/11/27 12:19:34+00,2014/11/27 00:00:00+00,Moradia,4,Campo Caminho Particular cxp.857-Z r/c ,8700-206,Boavista,"37,0657410006129 ; -7,82703800016578",NaoFiavel,081005,Quelfes,Olhão,Faro,Algarve,Algarve,Região de Turismo do Algarve,Não
-985441.543299999,4482372.7173,8,8,"Casa AShleen, M 103",2010/02/08 00:00:00+00,2010/02/08 00:00:00+00,Moradia,8,Urbanização Vale daTelha sector M lote 103   ,8670-156,Aljezur,"37,3097670011646 ; -8,85237199958253",NaoFiavel,080301,Aljezur,Aljezur,Faro,Algarve,Algarve,Região de Turismo do Algarve,Não
-1017908.2065,4681150.6484,9,10,Lisbon Inn / Glória 8,2014/11/28 19:56:34+00,2014/11/28 00:00:00+00,Apartamento,6,Rua Santo António da Glória 1 1º ,1250-214,Lisboa,"38,7165493686362 ; -9,14402499704035",Fiavel,110666,Santo António,Lisboa,Lisboa,Grande Lisboa,Grande Lisboa,Entidade Regional de Turismo da Região de Lisboa,Não
-1016721.0087,4681202.3052,10,11,Casa das Olarias,2014/11/29 17:12:13+00,2014/11/30 00:00:00+00,Apartamento,3,1º Largo Largo das Olarias 56 R/C Porta 22,1100-376,Lisboa,"38,7169114358504 ; -9,13336021821926",Fiavel,110665,Santa Maria Maior,Lisboa,Lisboa,Grande Lisboa,Grande Lisboa,Entidade Regional de Turismo da Região de Lisboa,Sim
-834634.774099998,4895144.2817,11,12,O Mário,2013/11/21 00:00:00+00,2013/11/21 00:00:00+00,Moradia,10,Estrada Nacional 18 42/44  ,6230-024,Cruzamento de Alcaria,"40,2006575910131 ; -7,49765174263999",NaoFiavel,050402,Alcaria,Fundão,Castelo Branco,Beiras e Serra da Estrela,Centro,Turismo do Centro de Portugal,Não
-907531.9921,4943558.842,12,13,Matias Guest House,2012/10/31 00:00:00+00,2012/12/01 00:00:00+00,Moradia,6,3ª Rua do Lugar   ,3465-123,Cortiçada,"40,532026724553 ; -8,15249859370943",Fiavel,182105,Castelões,Tondela,Viseu,Viseu Dão Lafões,Centro,Turismo do Centro de Portugal,Não
-1016624.6037,4680105.9166,13,17,Sé Cathedral,2014/12/01 11:18:24+00,2014/12/01 00:00:00+00,Apartamento,6,Rua Afonso de Albuquerque 10 3 ,1100-010,Lisboa,"38,7092263610034 ; -9,13249419746814",Fiavel,110665,Santa Maria Maior,Lisboa,Lisboa,Grande Lisboa,Grande Lisboa,Entidade Regional de Turismo da Região de Lisboa,Não
-1016999.2207,4680816.3494,14,19,Calçada de São Lourenço,2014/12/01 11:49:16+00,2014/12/01 00:00:00+00,Apartamento,4,Calçada São Lourenço 3 1º ,1100-529,Lisboa,"38,7142061938572 ; -9,13585943932443",Fiavel,110665,Santa Maria Maior,Lisboa,Lisboa,Grande Lisboa,Grande Lisboa,Entidade Regional de Turismo da Região de Lisboa,Sim
-979181.269099999,4482820.2996,15,20,Casa Vigia ,2009/01/01 00:00:00+00,2009/01/09 00:00:00+00,Moradia,6,Urbanização Urbanização do Alto da Arrifan 26  ,8670-000,Aljezur,"37,3129648786961 ; -8,79613499998702",NaoFiavel,080301,Aljezur,Aljezur,Faro,Algarve,Algarve,Região de Turismo do Algarve,Não
-880895.9575,4660956.1158,16,21,Casa da Lagoa,2014/12/01 12:49:59+00,2014/12/08 00:00:00+00,Moradia,8,Rua Cândido dos Reis 68  ,7000-582,Évora,"38,5748637052774 ; -7,91322302354005",NaoFiavel,070523,"União das freguesias de Évora (São Mamede, Sé, São Pedro e Santo Antão)",Évora,Évora,Alentejo Central,Alentejo,Turismo do Alentejo,Não
-832212.713300001,4875621.4988,18,24,Quinta da Catoula,2014/08/13 00:00:00+00,2023/06/01 00:00:00+00,Moradia,6,Quinta Catoula   ,6230-160,Quinta da Catoula,"40,0665750013315 ; -7,475894",NaoFiavel,050413,Castelo Novo,Fundão,Castelo Branco,Beiras e Serra da Estrela,Centro,Turismo do Centro de Portugal,Não
-986085.248300001,4462327.0894,19,26,Casa Ruina Velha,2009/07/01 00:00:00+00,2009/07/01 00:00:00+00,Moradia,2,Zona Vilarinha   ,8670-238,Vilarinha,"37,1664060009849 ; -8,85815450004613",NaoFiavel,080302,Bordeira,Aljezur,Faro,Algarve,Algarve,Região de Turismo do Algarve,Sim
-985621.164299998,4486525.023,20,27,Casa Clérigo ,2009/01/22 00:00:00+00,2009/01/22 00:00:00+00,Moradia,10,Zona Praia do Monte Clérigo    ,8670-140,Aljezur,"37,3394290881583 ; -8,8539855628264",PoucoFiavel,080301,Aljezur,Aljezur,Faro,Algarve,Algarve,Região de Turismo do Algarve,Não
-986085.248300001,4462327.0894,21,28,Casa Verde,2009/07/01 00:00:00+00,2009/07/01 00:00:00+00,Moradia,6,Zona Vilarinha   ,8670-238,Vilarinha,"37,1664060009849 ; -8,85815450004613",NaoFiavel,080302,Bordeira,Aljezur,Faro,Algarve,Algarve,Região de Turismo do Algarve,Sim
-980014.634300001,4483689.4385,22,29,Casa Velha  ,2009/01/22 00:00:00+00,2018/01/01 00:00:00+00,Moradia,12,1ª Rua Gabão   ,8670-140,Aljezur,"37,3191742962245 ; -8,80362124637003",NaoFiavel,080301,Aljezur,Aljezur,Faro,Algarve,Algarve,Região de Turismo do Algarve,Não
-958942.015000001,5033319.4148,23,32,inPátio Guest House,2014/12/01 16:41:53+00,2012/09/10 00:00:00+00,EstabelecimentoHospedagem,12,Pátio São Salvador 22  ,4050-567,Porto,"41,1420687829891 ; -8,61432268694089",NaoFiavel,131217,"União das freguesias de Cedofeita, Santo Ildefonso, Sé, Miragaia, São Nicolau e Vitória",Porto,Porto,Área Metropolitana do Porto,Norte,Turismo do Porto e Norte de Portugal,Não
-1049223.02,4678267.0472,25,34,Vila Grande,2014/12/02 09:31:45+00,2015/03/28 00:00:00+00,Moradia,9,Loteamento lote 5   ,8200-373,Patroves,"38,6963350530933 ; -9,42533075282585",NaoFiavel,110508,União das freguesias de Cascais e Estoril,Cascais,Lisboa,Grande Lisboa,Grande Lisboa,Entidade Regional de Turismo da Região de Lisboa,Não
-986795.141800001,4480502.6665,26,37,Arrifana Louge Guest House,2009/10/27 00:00:00+00,2009/10/27 00:00:00+00,EstabelecimentoHospedagem,16,"Urbanização Arrifamar, Lote 46   ",8670-111,Aljezur,"37,2964044290027 ; -8,86453158210026",NaoFiavel,080301,Aljezur,Aljezur,Faro,Algarve,Algarve,Região de Turismo do Algarve,Não
-821485.132300001,4642363.8435,27,38,Refúgio da Vila,2014/12/02 11:20:12+00,2017/10/23 00:00:00+00,Moradia,4,Travessa das Pedras Altas 1  A,7200-175,Monsaraz,"38,4441720012174 ; -7,37952650004131",NaoFiavel,071103,Monsaraz,Reguengos de Monsaraz,Évora,Alentejo Central,Alentejo,Turismo do Alentejo,Não
-931763.563200001,4455512.5287,28,39,Casa Edviges,2014/11/11 00:00:00+00,2014/11/11 00:00:00+00,Moradia,4,Zona Torre   ,8365-184,Torre,"37,1176080010716 ; -8,37017449984329",NaoFiavel,081303,Armação de Pêra,Silves,Faro,Algarve,Algarve,Região de Turismo do Algarve,Não
-985441.543299999,4482372.7173,29,41,California Dream Inn - Apartamento 1,2009/04/07 00:00:00+00,2009/04/07 00:00:00+00,Apartamento,2,"Urbanização Vale da Telha,sectorG,lote142    ",8670-156,Aljezur,"37,3097670011646 ; -8,85237199958253",NaoFiavel,080301,Aljezur,Aljezur,Faro,Algarve,Algarve,Região de Turismo do Algarve,Não
-896240.4329,5056160.4538,30,42,Quinta do Cabo,2014/12/02 14:10:06+00,2014/12/01 00:00:00+00,Moradia,6,Rua Rio Tâmega 1295  ,4600-635,Gatão,"41,2964071855109 ; -8,05106479158844",PoucoFiavel,130142,"União das freguesias de Amarante (São Gonçalo), Madalena, Cepelos e Gatão",Amarante,Porto,Tâmega e Sousa,Norte,Turismo do Porto e Norte de Portugal,Não
-985441.543299999,4482372.7173,31,44,California Dream Inn - Apartamento 2,2009/04/07 00:00:00+00,2009/04/07 00:00:00+00,Apartamento,4,"Urbanização Vale da Telha,SectorG,Lote 142   ",8670-156,Aljezur,"37,3097670011646 ; -8,85237199958253",NaoFiavel,080301,Aljezur,Aljezur,Faro,Algarve,Algarve,Região de Turismo do Algarve,Não
-871957.612,4835323.1965,32,45,Quinta da Eira,2012/08/24 00:00:00+00,2012/09/01 00:00:00+00,Moradia,4,Zona S/N   ,6150-724,Oliveiras,"39,7889700011919 ; -7,83292849952138",NaoFiavel,050808,União das freguesias de Sobreira Formosa e Alvito da Beira,Proença-A-Nova,Castelo Branco,Beira Baixa,Centro,Turismo do Centro de Portugal,Não
-979661.982700001,4490563.0679,33,46,Casa dos Avós,2010/02/17 00:00:00+00,2010/02/17 00:00:00+00,Moradia,4,Avenida 16 de Junho 141   ,8670-440,Rogil,"37,3682637196568 ; -8,80045332355598",Fiavel,080304,Rogil,Aljezur,Faro,Algarve,Algarve,Região de Turismo do Algarve,Não
-1018153.4455,4680060.7416,35,50,LIke Home - Bica,2014/11/27 19:58:45+00,2014/11/27 00:00:00+00,Apartamento,4,Calçada Bica Grande 22 1º ,1200-425,Lisboa,"38,7089096912667 ; -9,14622801704943",Fiavel,110661,Misericórdia,Lisboa,Lisboa,Grande Lisboa,Grande Lisboa,Entidade Regional de Turismo da Região de Lisboa,Não
-994542.7608,4440196.657,36,56,Casa do Cabo de Santa Maria,2009/09/01 00:00:00+00,2022/04/07 00:00:00+00,Apartamento,6,1ª Rua Patrão António Faustino   ,8650-357,Sagres,"37,0078186123842 ; -8,93412962728427",NaoFiavel,081504,Sagres,Vila do Bispo,Faro,Algarve,Algarve,Região de Turismo do Algarve,Não
-985018.893100001,5118091.7241,37,58,PRAIA E CAMPO,2014/11/28 14:47:18+00,2014/11/28 00:00:00+00,Moradia,8,Rua DONA ANTONIA 13  ,4900-588,VIANA DO CASTELO,"41,7130469927736 ; -8,84857526854548",NaoFiavel,160905,Areosa,Viana do Castelo,Viana do Castelo,Alto Minho,Norte,Turismo do Porto e Norte de Portugal,Não
-857869.740800001,4465209.0125,38,59,José António Lopez Rodriguez,2014/11/26 00:00:00+00,2014/11/26 00:00:00+00,Apartamento,3,Urbanização Nora Velha 1 Bloco B Apt 312,8800-209,Tavira,"37,1870335276897 ; -7,70637499972959",NaoFiavel,081412,União das freguesias de Tavira (Santa Maria e Santiago),Tavira,Faro,Algarve,Algarve,Região de Turismo do Algarve,Não
-948830.9954,5130645.4211,39,62,Villa Ranhados,2014/11/28 16:21:06+00,2015/04/01 00:00:00+00,Moradia,8,1ª Rua Lugar de Ranhados   ,4990-711,Ranhados,"41,7971744922747 ; -8,5234938524429",Fiavel,160737,Refóios do Lima,Ponte de Lima,Viana do Castelo,Alto Minho,Norte,Turismo do Porto e Norte de Portugal,Não
-1017288.8225,4681121.391,40,66,Amália Studios,2014/11/28 18:19:19+00,2014/12/01 00:00:00+00,Apartamento,2,Calçada Santana 86 2º ,1150-305,Lisboa,"38,7163443003314 ; -9,1384609759942",Fiavel,110656,Arroios,Lisboa,Lisboa,Grande Lisboa,Grande Lisboa,Entidade Regional de Turismo da Região de Lisboa,Sim
-1017908.2065,4681150.6484,41,67,Lisbon Inn / Gloria 10,2014/11/28 19:18:21+00,2014/11/28 00:00:00+00,Apartamento,6,Rua Santo António da Glória 1 3 ,1250-214,Lisboa,"38,7165493686362 ; -9,14402499704035",Fiavel,110666,Santo António,Lisboa,Lisboa,Grande Lisboa,Grande Lisboa,Entidade Regional de Turismo da Região de Lisboa,Não
-985441.543299999,4482372.7173,42,69,Casa Leuonitria,2010/03/25 00:00:00+00,2010/03/25 00:00:00+00,Moradia,6,Zona Aljezur    ,8670-156,Aljezur,"37,3097670011646 ; -8,85237199958253",NaoFiavel,080301,Aljezur,Aljezur,Faro,Algarve,Algarve,Região de Turismo do Algarve,Não
-985441.543299999,4482372.7173,43,73,California Dream Inn - Apartamento 3,2009/04/07 00:00:00+00,2009/04/07 00:00:00+00,Apartamento,2,"Urbanização Vale da Telha,SectorG,lote 142   ",8670-156,Aljezur,"37,3097670011646 ; -8,85237199958253",NaoFiavel,080301,Aljezur,Aljezur,Faro,Algarve,Algarve,Região de Turismo do Algarve,Não
-873128.331599999,4442572.135,44,74,The Marmalade House,2014/08/18 00:00:00+00,2022/07/22 00:00:00+00,Moradia,2,Rua 31 de Janeiro 28  ,8700-521,Olhão,"37,0248572575892 ; -7,84344525255896",NaoFiavel,081003,Olhão,Olhão,Faro,Algarve,Algarve,Região de Turismo do Algarve,Sim
-879879.9419,4828602.8899,45,75,Casa da Avó Céu,2013/09/06 00:00:00+00,2013/10/01 00:00:00+00,Moradia,4,Rua do Forno   ,6150-321,Casais,"39,7425660009867 ; -7,90409600031614",NaoFiavel,050807,União das freguesias de Proença-a-Nova e Peral,Proença-A-Nova,Castelo Branco,Beira Baixa,Centro,Turismo do Centro de Portugal,Não
-986802.090100002,4480266.8196,46,76,"Casa do Guarda ""Apartamento da Arriba""",2010/11/30 00:00:00+00,2010/11/30 00:00:00+00,Apartamento,5,Zona Praia da Arrifana    ,8670-111,Aljezur,"37,2947190005787 ; -8,86459399976558",NaoFiavel,080301,Aljezur,Aljezur,Faro,Algarve,Algarve,Região de Turismo do Algarve,Não
-983625.644099999,4480604.3395,47,77,Solar dos Vales,2010/05/04 00:00:00+00,2010/05/04 00:00:00+00,EstabelecimentoHospedagem,10,Zona Vales   ,8670-158,Vales,"37,2971310008648 ; -8,83605949956473",NaoFiavel,080301,Aljezur,Aljezur,Faro,Algarve,Algarve,Região de Turismo do Algarve,Não
-965692.8213,4453324.0356,49,82,Marc Mennigmann e Uta Minzberg,2014/10/07 00:00:00+00,2014/11/11 00:00:00+00,EstabelecimentoHospedagem,4,Rua Amendoeira 9A  ,8600-685,Lagos,"37,1019298675815 ; -8,67496621133185",NaoFiavel,080708,São Gonçalo de Lagos,Lagos,Faro,Algarve,Algarve,Região de Turismo do Algarve,Não
-871301.884599999,4448274.2007,50,83,Nêspera,2014/12/03 09:08:53+00,2014/12/03 00:00:00+00,Moradia,2,Zona Sítio da Igreja Cx. P.430Z R/c ,8700-206,Igreja,"37,0657410006129 ; -7,82703800016578",NaoFiavel,081005,Quelfes,Olhão,Faro,Algarve,Algarve,Região de Turismo do Algarve,Sim
-985441.543299999,4482372.7173,51,84,California Dream Inn - Apartamento 4,2009/04/07 00:00:00+00,2009/04/07 00:00:00+00,Apartamento,4,"Urbanização Vale da Telha,SectorG,Lote142   ",8670-156,Aljezur,"37,3097670011646 ; -8,85237199958253",NaoFiavel,080301,Aljezur,Aljezur,Faro,Algarve,Algarve,Região de Turismo do Algarve,Não
-872649.632800002,4443078.2699,52,85,Brisa do Sul,2014/08/04 00:00:00+00,2014/08/04 00:00:00+00,Apartamento,4,Avenida República 116 3º  Esq.,8700-310,Olhão,"37,0284871290456 ; -7,83914502800272",NaoFiavel,081003,Olhão,Olhão,Faro,Algarve,Algarve,Região de Turismo do Algarve,Não
-1017213.2233,4680529.3693,53,92,Baixa Cosy,2014/11/27 15:37:05+00,2014/11/27 00:00:00+00,Apartamento,6,Rua Correeiros 174 3º esq.º,1100-169,Lisboa,"38,7121946265956 ; -9,13778185729604",Fiavel,110665,Santa Maria Maior,Lisboa,Lisboa,Grande Lisboa,Grande Lisboa,Entidade Regional de Turismo da Região de Lisboa,Sim
-1018476.1287,4680244.2689,54,93,Vue Sur Lisbonne,2014/11/27 16:24:47+00,2014/11/27 00:00:00+00,Apartamento,2,Travessa Alcaide 12 3 dto,1200-013,Lisboa,"38,7101961791591 ; -9,14912672950682",Fiavel,110661,Misericórdia,Lisboa,Lisboa,Grande Lisboa,Grande Lisboa,Entidade Regional de Turismo da Região de Lisboa,Não